"Reference","Value","Qty","Footprint","LCSC"
"C1,C2,C3,C4,C6,C7,C10,C30,C32,C33,C34,C39,C40,C42,C43,C46,C47","CL21B104K","17","04_MyFoot_Passive:C_2012Metric","C1711"
"C5","CL21C101J","1","04_MyFoot_Passive:C_2012Metric","C1790"
"C8,C12,C14,C21,C22","CL31B105K","5","04_MyFoot_Passive:C_3216Metric","C1848"
"C9,C23,C25,C27,C29,C35,C37,C38","CL31B104K","8","04_MyFoot_Passive:C_3216Metric","C24497"
"C11,C28,C31","CL31B475K","3","04_MyFoot_Passive:C_3216Metric","C1872"
"C13,C15,C24,C36,C44","10UF25V67RV","5","04_MyFoot_Passive:CP_Elec_4x5.4","C2895271"
"C16,C17","CG330J","2","04_MyFoot_Passive:C_2012Metric","C157687"
"C18,C26","22pF","2","04_MyFoot_Passive:C_3216Metric","C1896"
"C19,C20","CG220J","2","04_MyFoot_Passive:C_2012Metric","C24658"
"C41","CL31B106K","1","04_MyFoot_Passive:C_3216Metric","C307369"
"C45","CL31B105K","1","04_MyFoot_Passive:C_3216Metric","C13832"
"D1,D6","UF4007","2","03_MyFoot_Active:D_SMA","C81191"
"D2,D4,D8,D10,D14","LL4148","5","03_MyFoot_Active:LL4148_MELF","C68883"
"D3,D5,D7,D9,D11,D12","BAT54WSQ-7","6","03_MyFoot_Active:D_SOD-323_HandSoldering","C171824"
"D13,D15","LL4148","2","03_MyFoot_Active:LL4148_MELF","C84062"
"FB1","CBG321609U","1","04_MyFoot_Passive:R_3216Metric","C74486"
"J1","ARM_SWD_10","1","02_MyFoot_Connectors:IDC-Header_2x05_P2.54mm_Vertical",""
"J2,J7","SMW250-04P","2","02_MyFoot_Connectors:SMW250_04P",""
"J3","SMW250-02P","1","02_MyFoot_Connectors:SMW250_02P",""
"J4","SW_BD","1","05_MyFoot_Others:SW_BD",""
"J5","SMW250-06P","1","02_MyFoot_Connectors:SMW250_06P",""
"J6","SMW250-08P","1","02_MyFoot_Connectors:SMW250_08P",""
"J8","RS485_BD","1","02_MyFoot_Connectors:IDC-Header_2x05_P2.54mm_Vertical",""
"K1,K2","HR92","2","06_MyFoot_Mechanical:Relay_SPDT_HsinDa_Y14",""
"LCD1","LC1622","1","06_MyFoot_Mechanical:LC1622_1",""
"LED1,LED2","LED_SMD_KT_0805R","2","03_MyFoot_Active:LED_2012Metric","C2295"
"LS1","MLT-8530","1","03_MyFoot_Active:MLT8530","C94599"
"OP_1,OP_2,OP_3,OP_4","TAP_250","4","02_MyFoot_Connectors:TAP_250",""
"Q1,Q2","IRF7351","2","01_MyFoot_ICs:SOIC-8_3.9x4.9mm_P1.27mm","C5338301"
"Q3,Q4,Q6","KRC105S","3","03_MyFoot_Active:SOT-23_KRC105S","C112793"
"Q5","2SC5343","1","03_MyFoot_Active:SOT-23","C2910220"
"R1,R2,R30,R31,R32,R38,R39,R45,R48","W8J0103","9","04_MyFoot_Passive:R_2012Metric","C25612"
"R3,R6,R19,R25","RS-06K22R","4","04_MyFoot_Passive:R_3216Metric","C140034"
"R4,R12,R21,R26","RS-06K103JT","4","04_MyFoot_Passive:R_3216Metric","C118075"
"R5,R23,R24,R36","1K","4","04_MyFoot_Passive:R_3216Metric","C131398"
"R7,R14,R18","100K/1W","3","04_MyFoot_Passive:R_6332Metric","C52842"
"R8,R15,R33,R35","FRC1206F2400TS","4","04_MyFoot_Passive:R_3216Metric","C2933649"
"R9,R17,R34,R37","10K","4","04_MyFoot_Passive:R_3216Metric","C183193"
"R10,R13","0805FR-0747RL","2","04_MyFoot_Passive:R_2012Metric","C114541"
"R11","WR08X1000FTL","1","04_MyFoot_Passive:R_2012Metric","C163954"
"R16,R20,R22,R28","WR08X1002FTL","4","04_MyFoot_Passive:R_2012Metric","C108451"
"R27","RS-05K472JT","1","04_MyFoot_Passive:R_2012Metric","C115310"
"R29","RS-06K47R","1","04_MyFoot_Passive:R_3216Metric","C140014"
"R40,R46,R49","RS-05K470JT","3","04_MyFoot_Passive:R_2012Metric","C139871"
"R42,R44","0805W8J0202T5E","2","04_MyFoot_Passive:R_2012Metric","C1359"
"R43","RS-05L1R0JT","1","04_MyFoot_Passive:R_2012Metric","C304860"
"R47","RS-05K471JT","1","04_MyFoot_Passive:R_2012Metric","C119076"
"RV1","3362P103","1","04_MyFoot_Passive:TRIM_3362P",""
"T1","SCT-17P","1","04_MyFoot_Passive:SCT-17P",""
"TP1,TP2,TP3,TP4,TP5,TP6,TP7,TP8,TP9,TP10,TP11,TP12","TPOINT","12","05_MyFoot_Others:TP",""
"TR1","EI2218","1","04_MyFoot_Passive:EI2218",""
"U1","74AHCT125","1","01_MyFoot_ICs:SOIC-14_3.9x8.7mm_P1.27mm","C842299"
"U2,U4","IR2104","2","01_MyFoot_ICs:SOIC-8_3.9x4.9mm_P1.27mm","C2960"
"U3","STM32G474CBT6","1","Package_QFP:LQFP-48_7x7mm_P0.5mm","C730123"
"U5","74HCT574PWR","1","01_MyFoot_ICs:TSSOP-20_4.4x6.5mm_P0.65mm","C2652839"
"U6","AMS1117-3.3","1","01_MyFoot_ICs:SOT-223-3_TabPin2","C6186"
"Y1","X49SM8M","1","03_MyFoot_Active:Crystal_SMD_HC49-SD","C106809"
