"Value","Reference","Qty","Footprint","Datasheet","LCSC"
"2.2nF","C3,C6","2","04_MyFoot_Passive:C_3216Metric","","C577152"
"0.1R/5W","R9,R10,R11,R12,R22,R23,R24,R25","8","04_MyFoot_Passive:R_Axial_5W_P27mm","",""
"100K/5W","R13","1","04_MyFoot_Passive:R_Axial_5W_P27mm","",""
"18R/1W","R2,R3,R4,R5,R15,R16,R17,R18","8","04_MyFoot_Passive:R_6332Metric","","C458686"
"1K/1W","R8,R21","2","04_MyFoot_Passive:R_6332Metric","","C310400"
"220pF/1kV","C2,C5","2","04_MyFoot_Passive:C_3216Metric","","C46312"
"220R/1W","R6,R7,R19,R20","4","04_MyFoot_Passive:R_6332Metric","","C49247113"
"68K/3W","R1,R14","2","04_MyFoot_Passive:R_Axial_3W_P22mm","",""
"IRFP460","Q1,Q2,Q3,Q4,Q5,Q6,Q7,Q8","8","03_MyFoot_Active:TO-247-3_Vertical","",""
"MF475","C1,C4","2","04_MyFoot_Passive:MF475","",""
"SMW250-04P","J6","1","02_MyFoot_Connectors:SMW250_04P","",""
"TAP_250","J1,J2,J3,J4,J5,J7","6","02_MyFoot_Connectors:TAP_250","",""
"US3M_SMB","D1,D2","2","03_MyFoot_Active:US3M_SMB","","C908435"
